<?xml version="1.0" encoding="UTF-8" standalone="no"?>
<!DOCTYPE Plugin PUBLIC "sailpoint.dtd" "sailpoint.dtd">
<Plugin displayName="Community Rest API Plugin" minSystemVersion="7.1" name="communityRestAPI" rightRequired="communityrestapiRight" version="1.0">
  <Attributes>
    <Map>
      <entry key="minUpgradableVersion" value="1.0"/>
      <entry key="restResources">
        <value>
          <List>
            <String>sailpoint.community.rest.RoleResource</String>
            <String>sailpoint.community.rest.CounterResource</String>
            <String>sailpoint.community.rest.BatchResource</String>
            <String>sailpoint.community.rest.OperationResource</String>
          </List>
        </value>
      </entry>
    </Map>
  </Attributes>
</Plugin>
